-- phpMyAdmin SQL Dump
-- version 5.0.2
-- https://www.phpmyadmin.net/
--
-- Servidor: 127.0.0.1
-- Tiempo de generaci√≥n: 01-12-2025 a las 10:44:30
-- Versi√≥n del servidor: 10.4.14-MariaDB
-- Versi√≥n de PHP: 7.4.9

SET SQL_MODE = "NO_AUTO_VALUE_ON_ZERO";
START TRANSACTION;
SET time_zone = "+00:00";


/*!40101 SET @OLD_CHARACTER_SET_CLIENT=@@CHARACTER_SET_CLIENT */;
/*!40101 SET @OLD_CHARACTER_SET_RESULTS=@@CHARACTER_SET_RESULTS */;
/*!40101 SET @OLD_COLLATION_CONNECTION=@@COLLATION_CONNECTION */;
/*!40101 SET NAMES utf8mb4 */;

--
-- Base de datos: `bd_alumnos`
--

-- --------------------------------------------------------

--
-- Estructura de tabla para la tabla `alumnos`
--

CREATE TABLE `alumnos` (
  `id_alumno` int(11) NOT NULL DEFAULT 0,
  `apellidos` varchar(6) NOT NULL DEFAULT '',
  `nombre` varchar(4) NOT NULL DEFAULT '',
  `curso` int(11) NOT NULL DEFAULT 0,
  `titulacion` int(11) NOT NULL DEFAULT 0
) ENGINE=MyISAM DEFAULT CHARSET=utf8mb4;

--
-- Volcado de datos para la tabla `alumnos`
--

INSERT INTO `alumnos` (`id_alumno`, `apellidos`, `nombre`, `curso`, `titulacion`) VALUES
(9119705, 'JIMENEZ ALONSO', 'DIEGO', 4, 3),
(4338289, 'MANGAS SANZ', 'CESAR', 1, 12),
(5345629, 'BARRIGA ASENJO', 'JOSE', 2, 7),
(5198695, 'RODRIGUEZ ROBLEDO', 'FCO. JAVIER', 3, 5),
(5434159, 'BLAZQUEZ BLANCO', 'SONIA', 2, 7),
(4681234, 'FERRERA PERALES', 'JUAN ANGEL', 1, 3),
(5166625, 'CAMPE—O CABALLERO', 'MARCOS', 3, 12),
(9075710, 'PADILLA FRONTELA', 'JOAQUIN', 5, 3),
(2534579, 'CASAIS CANTOS', 'DANIEL', 4, 7),
(4743873, 'RONALD RIVAS', 'CASTILLO ANDRES', 1, 5),
(9011506, 'COBRECES ALVAREZ', 'ANA MARIA', 2, 3),
(7358724, 'CALVO DIAZ', 'LYDIA', 1, 12),
(5142381, 'DIAZ DAOIZ', 'RUBEN', 3, 7),
(5024451, 'GOMEZ CUERO', 'CARLOS', 3, 5),
(5096783, 'ESPEJO DIAZ', 'VICTOR', 3, 7),
(5089864, 'CRUZA ALCANTARILLA', 'PABLO', 3, 3),
(2666746, 'FERNANDEZ FERNANDEZ', 'JORGE', 2, 12),
(4612743, 'GARCIA MU—OZ', 'RICARDO', 1, 7),
(9032048, 'GARCIA FUENTE', 'ROBERTO', 2, 5),
(9039982, 'GARCIA VAQUERO', 'MARIA', 2, 3),
(5712802, 'VELASCO GASALLA', 'JOSE MANUEL', 5, 12),
(4939745, 'GAVILAN BENITEZ', 'SILVIA', 1, 7),
(2668926, 'GONZALEZ GUTIERREZ', 'MIGUEL', 1, 5),
(9017721, 'GIL ARROYO', 'JUAN RAMON', 2, 7),
(9308723, 'GONZALEZ HERNANDEZ', 'ALVARO', 4, 3),
(5066324, 'RODRIGUEZ MARTINEZ', 'LETICIA', 2, 12),
(5351263, 'GONZALEZ GONZALEZ', 'OSCAR', 2, 3),
(5056809, 'ORTEGA VEGA', 'RAFAEL', 3, 7),
(4748949, 'GOSALBEZ GONZALEZ', 'JAVIER', 1, 5),
(4733985, 'JALVO NU—EZ', 'PATRICIA', 1, 3),
(5077067, 'ITURRIAGA PE—IN', 'RAQUEL', 3, 12),
(5819044, 'JULIAN AGUILERA', 'DANIEL', 5, 7),
(5529044, 'LOPESINO AGUILAR', 'MIGUEL', 5, 5),
(5555233, 'GIL COYA', 'PABLO', 5, 7),
(5118863, 'LOPEZ LOPEZ', 'MARIA', 3, 3),
(5675377, 'LOPEZ MADRIGAL', 'JUAN MANUEL', 5, 12),
(9342984, 'SANTAMARIA LOPEZ', 'LUIS', 4, 3),
(4665199, 'GOMEZ LOPEZ', 'PABLO', 1, 7),
(5879433, 'ANDALUZ MARQUEZ', 'ALBERTO', 4, 5),
(1132835, 'MATEOS MARTIN', 'LAURA', 1, 3),
(5123849, 'PUERTO ROMAN', 'JOSE MANUEL', 3, 12),
(4723453, 'PALLARES MATIAS', 'LUIS', 1, 7),
(1654139, 'MARCHENA BLANCO', 'FERNANDO', 1, 5),
(4678976, 'REDONDO PASCUAL', 'FRANCISCO', 1, 7),
(7998237, 'CANO GONZALEZ', 'ELENA', 3, 3),
(4093351, 'RIO RIDRUEJO', 'JOSE', 1, 12),
(5300171, 'VERGARA JIMENEZ', 'DIEGO', 2, 3),
(5228755, 'RODRIGUEZ RODRIGUEZ', 'GERMAN', 3, 7),
(1570539, 'FERNANDEZ RUIZ', 'ARTURO', 2, 5),
(3989737, 'PEREZ RUBIO', 'ADRIAN', 1, 3),
(9783681, 'ESCOBAR SANCHEZ', 'AMAIA', 4, 12),
(9763339, 'SERRANO SANTIAGO', 'FERNANDO', 4, 7),
(5758792, 'RODRIGUEZ JIMENEZ', 'JORGE', 4, 5),
(4458396, 'UCEDA TARLEA', 'INMACULADA', 1, 7),
(7567451, 'LOMAS RODRIGO', 'EDUARDO', 3, 3),
(5454492, 'VILLAREAL VICENTE', 'ALEJANDRO', 2, 12);

-- --------------------------------------------------------

--
-- Estructura de tabla para la tabla `alumnos_asignaturas`
--

CREATE TABLE `alumnos_asignaturas` (
  `id_alumno` int(11) NOT NULL DEFAULT 0,
  `id_asignatura` int(11) NOT NULL DEFAULT 0,
  `cursada` char(0) NOT NULL DEFAULT ''
) ENGINE=MyISAM DEFAULT CHARSET=utf8mb4;

--
-- Volcado de datos para la tabla `alumnos_asignaturas`
--

INSERT INTO `alumnos_asignaturas` (`id_alumno`, `id_asignatura`, `cursada`) VALUES
(9119705, 82300, 'N'),
(9119705, 32684, 'S'),
(9119705, 30383, 'N'),
(9119705, 87767, 'S'),
(9119705, 31079, 'N'),
(9119705, 32330, 'N'),
(4338289, 78009, 'S'),
(4338289, 78009, 'S'),
(4338289, 32097, 'S'),
(4338289, 32256, 'S'),
(4338289, 31576, 'S'),
(4338289, 30837, 'N'),
(5345629, 32306, 'S'),
(5345629, 31544, 'N'),
(5345629, 32369, 'S'),
(5345629, 32248, 'N'),
(5345629, 32097, 'S'),
(5345629, 20598, 'N'),
(5198695, 78207, 'N'),
(5198695, 32353, 'S'),
(5198695, 31576, 'S'),
(5198695, 78335, 'N'),
(5198695, 78029, 'N'),
(5198695, 32026, 'N'),
(5434159, 30214, 'N'),
(5434159, 78009, 'S'),
(5434159, 32026, 'N'),
(5434159, 82799, 'S'),
(5434159, 30837, 'N'),
(5434159, 30849, 'N'),
(4681234, 31587, 'N'),
(4681234, 32306, 'S'),
(4681234, 82799, 'S'),
(4681234, 31970, 'S'),
(4681234, 31937, 'N'),
(4681234, 82799, 'S'),
(5166625, 82799, 'S'),
(5166625, 31970, 'S'),
(5166625, 32684, 'S'),
(5166625, 32371, 'S'),
(5166625, 31594, 'S'),
(5166625, 32403, 'S'),
(9075710, 32403, 'S'),
(9075710, 31833, 'S'),
(9075710, 87767, 'S'),
(9075710, 31970, 'S'),
(9075710, 31970, 'S'),
(9075710, 31576, 'S'),
(2534579, 32403, 'S'),
(2534579, 87767, 'S'),
(2534579, 78335, 'N'),
(2534579, 32358, 'S'),
(2534579, 32428, 'S'),
(2534579, 20598, 'N'),
(4743873, 32424, 'N'),
(4743873, 31970, 'S'),
(4743873, 32306, 'S'),
(4743873, 32684, 'S'),
(4743873, 31540, 'S'),
(4743873, 31937, 'N'),
(9011506, 30837, 'N'),
(9011506, 31544, 'N'),
(9011506, 31540, 'S'),
(9011506, 31833, 'S'),
(9011506, 32403, 'S'),
(9011506, 82799, 'S'),
(7358724, 30383, 'N'),
(7358724, 78207, 'N'),
(7358724, 31587, 'N'),
(7358724, 78031, 'S'),
(7358724, 30837, 'N'),
(7358724, 87767, 'S'),
(5142381, 33693, 'N'),
(5142381, 32424, 'N'),
(5142381, 30214, 'N'),
(5142381, 20588, 'N'),
(5142381, 33693, 'N'),
(5142381, 32026, 'N'),
(5024451, 31833, 'S'),
(5024451, 78031, 'S'),
(5024451, 31540, 'S'),
(5024451, 30214, 'N'),
(5024451, 78029, 'N'),
(5024451, 31937, 'N'),
(5096783, 82300, 'N'),
(5096783, 78031, 'S'),
(5096783, 32026, 'N'),
(5096783, 31833, 'S'),
(5096783, 31970, 'S'),
(5096783, 30845, 'S'),
(5089864, 20598, 'N'),
(5089864, 32097, 'S'),
(5089864, 32684, 'S'),
(5089864, 31833, 'S'),
(5089864, 87767, 'S'),
(5089864, 31571, 'N'),
(2666746, 31544, 'N'),
(2666746, 30383, 'N'),
(2666746, 78206, 'N'),
(2666746, 31571, 'N'),
(2666746, 31937, 'N'),
(2666746, 30849, 'N'),
(4612743, 30839, 'N'),
(4612743, 32026, 'N'),
(4612743, 32428, 'S'),
(4612743, 32424, 'N'),
(4612743, 30837, 'N'),
(4612743, 32403, 'S'),
(9032048, 78031, 'S'),
(9032048, 31587, 'N'),
(9032048, 31576, 'S'),
(9032048, 32428, 'S'),
(9032048, 31833, 'S'),
(9032048, 32684, 'S'),
(9039982, 30835, 'N'),
(9039982, 32428, 'S'),
(9039982, 32248, 'N'),
(9039982, 32369, 'S'),
(9039982, 78031, 'S'),
(9039982, 32428, 'S'),
(5712802, 32425, 'S'),
(5712802, 32424, 'N'),
(5712802, 87767, 'S'),
(5712802, 30849, 'N'),
(5712802, 32428, 'S'),
(5712802, 32369, 'S'),
(4939745, 31544, 'N'),
(4939745, 31571, 'N'),
(4939745, 31540, 'S'),
(4939745, 82799, 'S'),
(4939745, 32684, 'S'),
(4939745, 87767, 'S'),
(2668926, 32403, 'S'),
(2668926, 32306, 'S'),
(2668926, 30214, 'N'),
(2668926, 32026, 'N'),
(2668926, 82799, 'S'),
(2668926, 78335, 'N'),
(9017721, 31937, 'N'),
(9017721, 31571, 'N'),
(9017721, 30383, 'N'),
(9017721, 30214, 'N'),
(9017721, 30383, 'N'),
(9017721, 78031, 'S'),
(9308723, 31540, 'S'),
(9308723, 31571, 'N'),
(9308723, 78029, 'N'),
(9308723, 32306, 'S'),
(9308723, 32026, 'N'),
(9308723, 32353, 'S'),
(5066324, 32424, 'N'),
(5066324, 32428, 'S'),
(5066324, 32306, 'S'),
(5066324, 82799, 'S'),
(5066324, 30383, 'N'),
(5066324, 32306, 'S'),
(5351263, 31544, 'N'),
(5351263, 32428, 'S'),
(5351263, 31571, 'N'),
(5351263, 32026, 'N'),
(5351263, 78206, 'N'),
(5351263, 32256, 'S'),
(5056809, 30214, 'N'),
(5056809, 32353, 'S'),
(5056809, 32097, 'S'),
(5056809, 32256, 'S'),
(5056809, 30835, 'N'),
(5056809, 31079, 'N'),
(4748949, 32248, 'N'),
(4748949, 30839, 'N'),
(4748949, 78031, 'S'),
(4748949, 32306, 'S'),
(4748949, 78031, 'S'),
(4748949, 30837, 'N'),
(4733985, 31571, 'N'),
(4733985, 31576, 'S'),
(4733985, 31970, 'S'),
(4733985, 31576, 'S'),
(4733985, 78031, 'S'),
(4733985, 31937, 'N'),
(5077067, 82754, 'N'),
(5077067, 30837, 'N'),
(5077067, 82300, 'N'),
(5077067, 32248, 'N'),
(5077067, 31937, 'N'),
(5077067, 31937, 'N'),
(5819044, 78335, 'N'),
(5819044, 30214, 'N'),
(5819044, 32256, 'S'),
(5819044, 31540, 'S'),
(5819044, 82754, 'N'),
(5819044, 32425, 'S'),
(5529044, 31937, 'N'),
(5529044, 30835, 'N'),
(5529044, 31544, 'N'),
(5529044, 31571, 'N'),
(5529044, 82799, 'S'),
(5529044, 30837, 'N'),
(5555233, 78206, 'N'),
(5555233, 31576, 'S'),
(5555233, 32369, 'S'),
(5555233, 20588, 'N'),
(5555233, 30845, 'S'),
(5555233, 30835, 'N'),
(5118863, 32425, 'S'),
(5118863, 31594, 'S'),
(5118863, 32424, 'N'),
(5118863, 31571, 'N'),
(5118863, 32353, 'S'),
(5118863, 20598, 'N'),
(5675377, 82300, 'N'),
(5675377, 30835, 'N'),
(5675377, 32684, 'S'),
(5675377, 31970, 'S'),
(5675377, 32428, 'S'),
(5675377, 31937, 'N'),
(9342984, 78206, 'N'),
(9342984, 30214, 'N'),
(9342984, 31576, 'S'),
(9342984, 87767, 'S'),
(9342984, 30214, 'N'),
(9342984, 31833, 'S'),
(4665199, 78031, 'S'),
(4665199, 31937, 'N'),
(4665199, 78206, 'N'),
(4665199, 30214, 'N'),
(4665199, 31587, 'N'),
(4665199, 31970, 'S'),
(5879433, 30839, 'N'),
(5879433, 32358, 'S'),
(5879433, 32424, 'N'),
(5879433, 20598, 'N'),
(5879433, 33693, 'N'),
(5879433, 82754, 'N'),
(1132835, 78031, 'S'),
(1132835, 30837, 'N'),
(1132835, 32428, 'S'),
(1132835, 30849, 'N'),
(1132835, 31544, 'N'),
(1132835, 30839, 'N'),
(5123849, 82754, 'N'),
(5123849, 31833, 'S'),
(5123849, 32403, 'S'),
(5123849, 32026, 'N'),
(5123849, 78009, 'S'),
(5123849, 30837, 'N'),
(4723453, 32097, 'S'),
(4723453, 32403, 'S'),
(4723453, 78009, 'S'),
(4723453, 32306, 'S'),
(4723453, 30839, 'N'),
(4723453, 30835, 'N'),
(1654139, 32248, 'N'),
(1654139, 82799, 'S'),
(1654139, 32424, 'N'),
(1654139, 31576, 'S'),
(1654139, 78009, 'S'),
(1654139, 31970, 'S'),
(4678976, 20598, 'N'),
(4678976, 30214, 'N'),
(4678976, 32248, 'N'),
(4678976, 30835, 'N'),
(4678976, 31571, 'N'),
(4678976, 78009, 'S'),
(7998237, 32256, 'S'),
(7998237, 32684, 'S'),
(7998237, 31833, 'S'),
(7998237, 30835, 'N'),
(7998237, 31587, 'N'),
(7998237, 32369, 'S'),
(4093351, 31544, 'N'),
(4093351, 32097, 'S'),
(4093351, 31540, 'S'),
(4093351, 31540, 'S'),
(4093351, 32306, 'S'),
(4093351, 32424, 'N'),
(5300171, 30837, 'N'),
(5300171, 31540, 'S'),
(5300171, 78031, 'S'),
(5300171, 31571, 'N'),
(5300171, 32403, 'S'),
(5300171, 32097, 'S'),
(5228755, 32306, 'S'),
(5228755, 31970, 'S'),
(5228755, 32428, 'S'),
(5228755, 31576, 'S'),
(5228755, 31544, 'N'),
(5228755, 33033, 'S'),
(1570539, 78031, 'S'),
(1570539, 31571, 'N'),
(1570539, 82799, 'S'),
(1570539, 78335, 'N'),
(1570539, 78009, 'S'),
(1570539, 31540, 'S'),
(3989737, 31571, 'N'),
(3989737, 31937, 'N'),
(3989737, 31576, 'S'),
(3989737, 32026, 'N'),
(3989737, 78206, 'N'),
(3989737, 32306, 'S'),
(9783681, 20598, 'N'),
(9783681, 78206, 'N'),
(9783681, 32358, 'S'),
(9783681, 32330, 'N'),
(9783681, 31571, 'N'),
(9783681, 87502, 'S'),
(9763339, 32346, 'S'),
(9763339, 78207, 'N'),
(9763339, 87767, 'S'),
(9763339, 32403, 'S'),
(9763339, 32403, 'S'),
(9763339, 31833, 'S'),
(5758792, 78206, 'N'),
(5758792, 32358, 'S'),
(5758792, 30839, 'N'),
(5758792, 32330, 'N'),
(5758792, 30837, 'N'),
(5758792, 78200, 'S'),
(4458396, 87767, 'S'),
(4458396, 32026, 'N'),
(4458396, 31576, 'S'),
(4458396, 32403, 'S'),
(4458396, 31544, 'N'),
(4458396, 78206, 'N'),
(7567451, 82754, 'N'),
(7567451, 31576, 'S'),
(7567451, 78335, 'N'),
(7567451, 32369, 'S'),
(7567451, 78029, 'N'),
(7567451, 78009, 'S'),
(5454492, 32026, 'N'),
(5454492, 30383, 'N'),
(5454492, 31587, 'N'),
(5454492, 32026, 'N'),
(5454492, 31587, 'N'),
(5454492, 78031, 'S');

-- --------------------------------------------------------

--
-- Estructura de tabla para la tabla `asignaturas`
--

CREATE TABLE `asignaturas` (
  `id_asignatura` int(11) NOT NULL DEFAULT 0,
  `tipo` char(0) NOT NULL DEFAULT '',
  `nombre` varchar(15) NOT NULL DEFAULT '',
  `creditos` float NOT NULL DEFAULT 0
) ENGINE=MyISAM DEFAULT CHARSET=utf8mb4;

--
-- Volcado de datos para la tabla `asignaturas`
--

INSERT INTO `asignaturas` (`id_asignatura`, `tipo`, `nombre`, `creditos`) VALUES
(31540, 'OB', 'AMPLIACION DE SISTEMAS OPERATIVOS', 4.5),
(32330, 'OP', 'APLICACIONES DISTRIBUIDAS PARA BIOINGENIERIA', 3),
(33033, 'OP', 'APLICACIONES TELEMATICAS', 4.5),
(20598, 'TR', 'ARQUITECTURA DE COMPUTADORES', 7.5),
(78200, 'OP', 'ARQUITECTURA E INGENIERIA DE COMPUTADORES', 6),
(30849, 'OB', 'ARQUITECTURAS AVANZADAS', 4.5),
(32403, 'OB', 'ARQUITECTURAS DE REDES', 4.5),
(31587, 'TR', 'AUTOMATIZACION INDUSTRIAL', 3),
(87767, 'OB', 'CALIDAD DE SERVICIO EN INTERNET', 6),
(30837, 'OB', 'COMUNICACION DE DATOS', 6),
(32256, 'OB', 'COMUNICACION Y REDES DE ORDENADORES', 4.5),
(32424, 'TR', 'CONMUTACION', 4.5),
(32684, 'TR', 'ESTRUCTURA DE COMPUTADORES', 6),
(78207, 'OB', 'ESTRUCTURA Y DISE—O DE SISTEMAS OPERATIVOS', 7.5),
(32097, 'TR', 'FUNDAMENTOS DE COMPUTADORES', 4.5),
(30214, 'TR', 'FUNDAMENTOS DE INFORMATICA', 6),
(31970, 'TR', 'FUNDAMENTOS DE PROGRAMACION', 4.5),
(32026, 'TR', 'FUNDAMENTOS DE TELEMATICA', 4.5),
(31576, 'OB', 'GESTION DE REDES', 3),
(31571, 'OB', 'INTERFASES Y PERIFERICOS', 3),
(78009, 'TR', 'INTRODUCCION A LA INFORMATICA', 3),
(31544, 'TR', 'MICROPROCESADORES', 7.5),
(31833, 'OB', 'MODELOS DE ARQUITECTURAS TELEMATICAS', 3),
(78029, 'OP', 'ORGANIZACION DE COMPUTADORES', 4.5),
(30845, 'OP', 'PROGRAMACION DE SISTEMAS EN TIEMPO REAL', 4.5),
(31937, 'OB', 'PROGRAMACION', 6),
(32346, 'OP', 'PROGRAMACION AVANZADA', 6),
(33693, 'LE', 'PROGRAMACION VISUAL', 6),
(32428, 'OB', 'PROYECTOS', 3),
(78206, 'TR', 'REDES', 7.5),
(32358, 'LE', 'REDES DE BANDA ANCHA', 4.5),
(30839, 'OB', 'REDES DE ORDENADORES', 6),
(31594, 'LE', 'ROBOTICA', 3),
(78335, 'OB', 'SEGURIDAD EN INTERNET', 6),
(87502, 'LE', 'SEGURIDAD EN REDES DE ORDENADORES', 4.5),
(31079, 'LE', 'SINTESIS DE GRAFICOS POR ORDENADOR', 4.5),
(32369, 'OB', 'SISTEMAS DE ADQUISICION Y CONTROL', 6),
(82754, 'OP', 'SISTEMAS DE TIEMPO REAL', 4.5),
(82799, 'OB', 'SISTEMAS DISTRIBUIDOS', 4.5),
(20588, 'OP', 'SISTEMAS ELECTRONICOS DIGITALES', 3),
(32371, 'OP', 'SISTEMAS MULTIMEDIA Y REALIDAD VIRTUAL', 3),
(30383, 'TR', 'SISTEMAS OPERATIVOS', 7.5),
(32306, 'TR', 'SISTEMAS TELEMATICOS', 4.5),
(32248, 'OB', 'SISTEMAS Y SERVICIOS', 3),
(32425, 'OP', 'SISTEMAS Y SERVICIOS DE COMUNICACION', 3),
(82300, 'LE', 'TECNICAS DE PROCESAMIENTO PARALELO', 3),
(78031, 'OB', 'TELEINFORMATICA', 6),
(30835, 'OB', 'TRANSMISION DE DATOS', 4.5),
(32353, 'OP', 'TRANSPORTE DE DATOS', 3);

--
-- √çndices para tablas volcadas
--

--
-- Indices de la tabla `alumnos`
--
ALTER TABLE `alumnos`
  ADD PRIMARY KEY (`id_alumno`);

--
-- Indices de la tabla `asignaturas`
--
ALTER TABLE `asignaturas`
  ADD PRIMARY KEY (`id_asignatura`);
COMMIT;

/*!40101 SET CHARACTER_SET_CLIENT=@OLD_CHARACTER_SET_CLIENT */;
/*!40101 SET CHARACTER_SET_RESULTS=@OLD_CHARACTER_SET_RESULTS */;
/*!40101 SET COLLATION_CONNECTION=@OLD_COLLATION_CONNECTION */;
